Model,Val Macro-F1,Test Macro-F1,Val AUC (bin),Test AUC (bin)
Proposal-only (bin→3way),0.34836601307189546,0.38075675675675674,0.8073671497584541,0.8062886019090398
Stance-only (bin→3way),0.022768842636392308,0.05528028757407947,0.4921497584541063,0.5856260527793375
Ensemble (multinomial),0.5132275132275131,0.46138392857142857,,
