series,ece,brier
proposal_val,0.129608617524306,0.08764849622689788
proposal_test,0.13628686904907225,0.07975392363248657
ensemble_val,0.3188741638339235,0.190954290501001
ensemble_test,0.3054243393854546,0.17433704448998433
