series,ece,brier
proposal_val,0.16711795906225838,0.10176993220203533
proposal_test,0.16833798587322235,0.10576052109717073
ensemble_val,0.3170192138788197,0.17183146602608482
ensemble_test,0.3126676803457884,0.17778398098036635
