n_total,n_pass,n_not_pass,mean_stance_pass,mean_stance_not_pass,std_stance,r_point_biserial
750,688,62,0.10751550709055785,0.1003200742961545,0.08737046256663321,0.022678853035180323
