,precision,recall,f1-score,support
fail,0.1111111111111111,0.2,0.14285714285714285,10.0
abstain,0.23076923076923078,1.0,0.375,3.0
pass,0.9747899159663865,0.8467153284671532,0.90625,137.0
accuracy,0.8066666666666666,0.8066666666666666,0.8066666666666666,0.8066666666666666
macro avg,0.4388900859489095,0.6822384428223844,0.47470238095238093,150.0
weighted avg,0.9023309152720916,0.8066666666666666,0.8447321428571428,150.0
