{
  "test_acc": 0.8533333333333334,
  "test_macro_f1": 0.30806257521058966,
  "val_acc": 0.8933333333333333,
  "val_macro_f1": 0.38849487785658
}