,precision,recall,f1-score,support
fail,0.0,0.0,0.0,10.0
abstain,0.0,0.0,0.0,3.0
pass,0.9142857142857143,0.9343065693430657,0.924187725631769,137.0
accuracy,0.8533333333333334,0.8533333333333334,0.8533333333333334,0.8533333333333334
macro avg,0.30476190476190473,0.31143552311435524,0.30806257521058966,150.0
weighted avg,0.835047619047619,0.8533333333333334,0.8440914560770157,150.0
