{
  "best_w": 0.5,
  "val_macro_f1": 0.4933755051836233,
  "val_acc": 0.8733333333333333,
  "test_macro_f1": 0.4570257131142739,
  "test_acc": 0.88
}