class,P_pass,P_fail,P_abstain,stance_mean,stance_std,n_posts
fail,-1.055728731212546,2.3397884816386108,-1.285836834960094,0.17712418960751633,0.8406325336049267,0.004074671349330377
abstain,-2.5984019914086423,-1.055291496299454,3.6644978504269665,-0.18648063315880262,-0.5582152951169909,0.013702812108802156
pass,3.6541307226206037,-1.284496985338325,-2.378661015466282,0.009356443551264068,-0.2824172384879015,-0.017777483457784498
