{
  "test_acc": 0.8066666666666666,
  "test_macro_f1": 0.47470238095238093
}