Model,Val Accuracy,Val Macro-F1,Test Accuracy,Test Macro-F1
Proposal Agent (DistilBERT),,,0.7857581338244322,0.5743344347128279
"Ensemble Agent (Mixture, w=0.25)",0.8933333333333333,0.38849487785658,0.8533333333333334,0.30806257521058966
