,precision,recall,f1-score,support
fail,0.3847926267281106,0.6231343283582089,0.4757834757834758,268.0
abstain,0.3181818181818182,0.4666666666666667,0.3783783783783784,60.0
pass,0.912375790424571,0.776325903151422,0.8388704318936877,1301.0
accuracy,0.7397176181706568,0.7397176181706568,0.7397176181706568,0.7397176181706568
macro avg,0.5384500784448333,0.6220422993920992,0.5643440953518474,1629.0
weighted avg,0.8036932083464762,0.7397176181706568,0.7621750190953727,1629.0
