{
  "test_acc": 0.7397176181706568,
  "test_macro_f1": 0.5643440953518474,
  "best_val_macro_f1": 0.5402033739758103
}