Model,Test Accuracy,Test Macro-F1
Proposal Agent (DistilBERT),0.7323511356660528,0.5552033563244034
Ensemble (Balanced LR),0.8066666666666666,0.47470238095238093
